Model,Micro F Score,Macro F Score
decision_tree,0.5653846153846154,0.3541697378252
naive_bayes,0.3620879120879121,0.0976496388028896
comp_naive_bayes,0.3895604395604396,0.2336672850958565
random_forest,0.7692307692307692,0.5900668379239807
