Model,Micro F Score,Macro F Score
DT,0.38471867995981135,0.17023375511820396
NB,0.36363513409073345,0.07614026006224142
CNB,0.36363513409073345,0.07614026006224142
RF,0.4883607697658242,0.3985420337420572
