Model,Micro F Score,Macro F Score
decision_tree,0.40522875816993464,0.14977164339797766
naive_bayes,0.3934640522875817,0.08042312968721058
comp_naive_bayes,0.322875816993464,0.14703475525552348
random_forest,0.315032679738562,0.14453362013634216
