Model,Micro F Score,Macro F Score
DT,0.4098039215686275,0.1520964697068133
NB,0.3934640522875817,0.0806123908973129
CNB,0.3934640522875817,0.0806123908973129
RF,0.4559912854030501,0.3381808946166027
