Model,Micro F Score,Macro F Score
DT,0.3759266751735085,0.13721407309464786
NB,0.3692384301764651,0.07699962323270629
CNB,0.3692384301764651,0.07699962323270629
RF,0.4899162802278173,0.40422138660759527
