Model,Micro F Score,Macro F Score
DT,0.5423076923076923,0.3250100296528868
NB,0.3686813186813187,0.10168853506314805
CNB,0.3686813186813187,0.10168853506314805
RF,0.7456043956043956,0.5703255474684046
