Model,Micro F Score,Macro F Score
decision_tree,0.5137362637362637,0.2854807410634478
naive_bayes,0.36153846153846153,0.10136800334168754
comp_naive_bayes,0.3901098901098901,0.20815968811767133
random_forest,0.739010989010989,0.564844361987219
