Micro F Score,Macro F Score
0.37988832212690316,0.1631307804488738
