Model,Micro F Score,Macro F Score
decision_tree,0.5291208791208792,0.29918835133120847
naive_bayes,0.3620879120879121,0.10121839804502344
comp_naive_bayes,0.4065934065934066,0.24035298035298033
random_forest,0.7461538461538462,0.5805329194614909
