Variable,Micro F Score,Macro F Score
pleasantness,0.8252747252747252,0.5539479964479964
attention,0.7961538461538462,0.5145962534197828
control,0.6747252747252745,0.4060739893634631
certainty,0.7758241758241758,0.4924487875958464
anticipated_effort,0.862087912087912,0.5744452769452769
responsibility,0.767032967032967,0.48641123582300044
