Variable,Micro F Score,Macro F Score
pleasantness,0.7746966535280936,0.5097448382017177
attention,0.7580087332869618,0.49541744013626826
control,0.768160213308602,0.49883208655312894
certainty,0.7575546796506686,0.4897486390827114
anticipated_effort,0.7554061364865909,0.49142560322352935
responsibility,0.7641587448798207,0.49633890599747116
