Variable,Micro F Score,Macro F Score
pleasantness,0.7733237953935284,0.5095889959194769
attention,0.7673926098629363,0.5024523333776314
control,0.7555002119542179,0.49384645454319853
certainty,0.7415271301398898,0.4785144318274974
anticipated_effort,0.7569759431962697,0.49437712967293945
responsibility,0.7525231383354528,0.4888158029319915
