Variable,Micro F Score,Macro F Score
pleasantness,0.769616569667922,0.5061115969452682
attention,0.7676760760636145,0.50175338595329
control,0.7558121440353552,0.4941052879278436
certainty,0.75503096697893,0.4871134395014627
anticipated_effort,0.7585649372879774,0.4950297581545735
responsibility,0.7570321496374219,0.4899681091251912
