Variable,Micro F Score,Macro F Score
pleasantness,0.7679738562091504,0.5059578368659653
attention,0.7544662309368191,0.4963210311041585
control,0.759041394335512,0.4977176306343045
certainty,0.7420479302832244,0.48214741053414867
anticipated_effort,0.739433551198257,0.4839718554648152
responsibility,0.7586056644880175,0.4957140902631907
