Variable,Micro F Score,Macro F Score
pleasantness,0.8335164835164834,0.5503449328449328
attention,0.8043956043956044,0.5272851016659066
control,0.6824175824175824,0.42817951112068753
certainty,0.7758241758241758,0.49711297417179773
anticipated_effort,0.8631868131868131,0.5806410256410257
responsibility,0.7549450549450549,0.48814428490899087
