Variable,Micro F Score,Macro F Score
pleasantness,0.8258241758241759,0.5563372901608196
attention,0.8043956043956044,0.5222766122766122
control,0.6736263736263737,0.4260215492568434
certainty,0.7906593406593406,0.508110533257592
anticipated_effort,0.8604395604395604,0.578091353091353
responsibility,0.7532967032967033,0.4844291547232723
