Variable,Micro F Score,Macro F Score
pleasantness,0.14705882352941177,0.09303561935140882
attention,0.2647058823529412,0.1417989417989418
control,0.3823529411764706,0.24566544566544565
certainty,0.5882352941176471,0.39153439153439157
anticipated_effort,0.29411764705882354,0.23281323877068558
responsibility,0.23529411764705882,0.1703703703703704
