Micro F Score,Macro F Score
0.3561963830280547,0.13688670696515143
