Variable,Micro F Score,Macro F Score
pleasantness,0.36,0.1488888888888889
attention,0.44000000000000006,0.20666666666666664
control,0.485,0.13999999999999999
certainty,0.53,0.16619047619047617
anticipated_effort,0.33,0.14666666666666667
responsibility,0.41000000000000003,0.19999999999999998
