Variable,Micro F Score,Macro F Score
Pleasantness,0.5034265901482544,0.3524708338530353
Attention,0.5788498326159732,0.48112298186499586
Control,0.5641511238641798,0.4666951101773309
Certainty,0.560703012912482,0.48715593663159107
Anticipated Effort,0.6273409851745576,0.5492965682060185
Responsibililty,0.5891200382592062,0.5116371438526539
