Variable,Micro F Score,Macro F Score
pleasantness,0.5166666666666667,0.2714814814814815
attention,0.5333333333333333,0.26740740740740737
control,0.6500000000000001,0.11206349206349206
certainty,0.4166666666666667,0.21920634920634918
anticipated_effort,0.5666666666666667,0.25047619047619046
responsibility,0.4166666666666667,0.17407407407407408
