Micro F Score,Macro F Score
0.23374340949033393,0.06550539680330897
