Micro F Score,Macro F Score
0.4851648351648352,0.14358931451368426
