Micro F Score,Macro F Score
0.39346405228758174,0.08045571706125051
