Micro F Score,Macro F Score
0.338854999844387,0.10536846396582747
