Variable,Micro F Score,Macro F Score
Pleasantness,0.6143790849673203,0.43295711617960353
Attention,0.6437908496732027,0.43242668007373886
Control,0.6633986928104575,0.4646397843380335
Certainty,0.6372549019607843,0.4907421679234507
Anticipated Effort,0.6928104575163399,0.5111987535300418
Responsibililty,0.6143790849673203,0.49187623486133497
