Micro F Score,Macro F Score
0.46153846153846156,0.1362915375940586
