Variable,Micro F Score,Macro F Score
pleasantness,0.35500000000000004,0.13
attention,0.265,0.21777777777777776
control,0.52,0.11499999999999999
certainty,0.43499999999999994,0.2162962962962963
anticipated_effort,0.29000000000000004,0.14111111111111113
responsibility,0.43500000000000005,0.10555555555555554
