Micro F Score,Macro F Score
0.32764703609243373,0.163811158553804
