Variable,Micro F Score,Macro F Score
pleasantness,0.6666666666666666,0.0
attention,0.8333333333333334,0.6285714285714287
control,0.8333333333333334,0.0
certainty,0.5,0.3333333333333333
anticipated_effort,0.0,0.0
responsibility,0.3333333333333333,0.16666666666666666
