Variable,Micro F Score,Macro F Score
pleasantness,0.8888888888888888,0.0
attention,0.5555555555555556,0.30303030303030304
control,0.8888888888888888,0.0
certainty,0.8888888888888888,0.0
anticipated_effort,0.1111111111111111,0.07407407407407407
responsibility,0.8888888888888888,0.0
