Variable,Micro F Score,Macro F Score
pleasantness,0.5666666666666667,0.1111904761904762
attention,0.5333333333333333,0.18722222222222223
control,0.6333333333333333,0.06857142857142856
certainty,0.4166666666666667,0.06666666666666667
anticipated_effort,0.6666666666666667,0.13111111111111112
responsibility,0.45000000000000007,0.11915343915343915
