Micro F Score,Macro F Score
0.34760756676557863,0.11131815285155026
