Variable,Micro F Score,Macro F Score
pleasantness,0.3880952380952381,0.2665343915343915
attention,0.5071428571428571,0.2649206349206349
control,0.6214285714285713,0.1934920634920635
certainty,0.45476190476190465,0.14174603174603173
anticipated_effort,0.3952380952380953,0.17777777777777776
responsibility,0.45714285714285713,0.15987012987012988
