Variable,Micro F Score,Macro F Score
Pleasantness,0.49019607843137253,0.34777148599973823
Attention,0.5588235294117647,0.3754418586633352
Control,0.5849673202614379,0.4152959529867927
Certainty,0.6078431372549019,0.46628283841300827
Anticipated Effort,0.6209150326797386,0.4384633416572292
Responsibililty,0.5555555555555556,0.44522347491600556
