Variable,Micro F Score,Macro F Score
Pleasantness,0.5465399330463893,0.37385650752879174
Attention,0.6361406025824964,0.46751209574005764
Control,0.6228885700621711,0.4520199685915315
Certainty,0.6067718794835006,0.44742181396281955
Anticipated Effort,0.6562673362027739,0.5079763707452164
Responsibililty,0.6410497369679581,0.4854681923039442
