Micro F Score,Macro F Score
0.3419316094390279,0.10794037719576774
