Micro F Score,Macro F Score
0.5076923076923078,0.15359886845180962
