Micro F Score,Macro F Score
0.3473935389133627,0.10634143175916824
