Variable,Micro F Score,Macro F Score
Pleasantness,0.3650606174228222,0.2823381010393495
Attention,0.48332708411448577,0.45224223641378225
Control,0.45731158605174366,0.44597316396342623
Certainty,0.45493688288963885,0.4552612673606816
Anticipated Effort,0.4738782652168479,0.4017421360604077
Responsibililty,0.5133108361454818,0.5011247537531982
