Micro F Score,Macro F Score
0.5230769230769231,0.15283344806454052
