Micro F Score,Macro F Score
0.3572984749455338,0.11891059131358599
