Micro F Score,Macro F Score
0.5060439560439559,0.1572914620393612
