Variable,Micro F Score,Macro F Score
pleasantness,0.37222222222222223,0.26248751248751245
attention,0.4666666666666667,0.34434102934102934
control,0.49444444444444435,0.25746031746031744
certainty,0.42777777777777776,0.29013708513708514
anticipated_effort,0.4777777777777777,0.32634994634994635
responsibility,0.41111111111111115,0.32576960076960076
