Micro F Score,Macro F Score
0.4873626373626374,0.15131989969340698
