Variable,Micro F Score,Macro F Score
Pleasantness,0.6111111111111112,0.4338562448282884
Attention,0.6437908496732027,0.42842949400326447
Control,0.6601307189542484,0.4553964357604546
Certainty,0.6405228758169934,0.4804496051627072
Anticipated Effort,0.6666666666666666,0.46573647828873105
Responsibililty,0.6339869281045751,0.48846732209926186