Micro F Score,Macro F Score
0.8406593406593406,0.23982588839731694
