Micro F Score,Macro F Score
0.8554945054945055,0.2430867731708068
