Micro F Score,Macro F Score
0.20523809523809527,0.12874229326228834
