Micro F Score,Macro F Score
0.7523050467578638,0.21344664391417653
