Micro F Score,Macro F Score
0.33849206349206346,0.1088081041842615
