Micro F Score,Macro F Score
0.21088613923259594,0.07262040257907329
