Micro F Score,Macro F Score
0.31699346405228757,0.09193439123545277
