Micro F Score,Macro F Score
0.33134920634920634,0.1096521375763366
