Micro F Score,Macro F Score
0.7584106190586598,0.21578828642663286
