Micro F Score,Macro F Score
0.3453703703703704,0.11065232769541763
