Micro F Score,Macro F Score
0.29285031085604973,0.08792840581235298
