Micro F Score,Macro F Score
0.3823529411764706,0.09341410982997848
