Micro F Score,Macro F Score
0.1962962962962963,0.15883698464480578
