Micro F Score,Macro F Score
0.7309368191721133,0.20826575904225844
