Micro F Score,Macro F Score
0.33736842105263154,0.10213106662816293
