Micro F Score,Macro F Score
0.21005499312585924,0.07132496812472162
