Micro F Score,Macro F Score
0.3413157894736842,0.10174994411413466
