Micro F Score,Macro F Score
0.7589617503345678,0.2153384844034477
