Micro F Score,Macro F Score
0.7496348249478322,0.2131441851377059
