Micro F Score,Macro F Score
0.7477647661438462,0.21254543581574273
