Micro F Score,Macro F Score
0.2413793103448276,0.07699443413729128
