Micro F Score,Macro F Score
0.8549450549450549,0.2437284144427002
